{
  "metadata": {
    "total_items": 10,
    "presidents": 5,
    "countries": 5,
    "analysis_types": [
      "kl_divergence",
      "deflate_compression"
    ]
  },
  "kl_analysis": {
    "baseline": {
      "languages": [
        "president_jefferson",
        "president_kennedy",
        "president_washington",
        "country_germany",
        "president_lincoln",
        "country_japan",
        "country_france",
        "country_australia",
        "country_brazil",
        "president_roosevelt"
      ],
      "distance_matrix": {
        "president_jefferson": {
          "president_jefferson": 0.0,
          "president_kennedy": 0.0501156675107155,
          "president_washington": 0.04149913104640708,
          "country_germany": 0.08633290355743542,
          "president_lincoln": 0.05027645127691895,
          "country_japan": 0.039777352473273284,
          "country_france": 0.056591240923782996,
          "country_australia": 0.05663295305620676,
          "country_brazil": 0.05740329168345015,
          "president_roosevelt": 0.04778685913806113
        },
        "president_kennedy": {
          "president_jefferson": 0.05011566751071553,
          "president_kennedy": 0.0,
          "president_washington": 0.04531290954356133,
          "country_germany": 0.07208501400900143,
          "president_lincoln": 0.043760625052436275,
          "country_japan": 0.05749202971778519,
          "country_france": 0.06062231839469312,
          "country_australia": 0.06034776858889172,
          "country_brazil": 0.0561544146542132,
          "president_roosevelt": 0.035308781070329746
        },
        "president_washington": {
          "president_jefferson": 0.04149913104640711,
          "president_kennedy": 0.04531290954356133,
          "president_washington": 0.0,
          "country_germany": 0.06594955497491924,
          "president_lincoln": 0.041349877531438206,
          "country_japan": 0.04742355413867227,
          "country_france": 0.04563959682211366,
          "country_australia": 0.05235313770926065,
          "country_brazil": 0.05423782627612744,
          "president_roosevelt": 0.04320240423676196
        },
        "country_germany": {
          "president_jefferson": 0.08633290355743542,
          "president_kennedy": 0.07208501400900143,
          "president_washington": 0.06594955497491926,
          "country_germany": 0.0,
          "president_lincoln": 0.061493663927071535,
          "country_japan": 0.06610230819916084,
          "country_france": 0.047121642869366785,
          "country_australia": 0.06517778175744227,
          "country_brazil": 0.06493312960330715,
          "president_roosevelt": 0.05057406142003245
        },
        "president_lincoln": {
          "president_jefferson": 0.05027645127691895,
          "president_kennedy": 0.04376062505243626,
          "president_washington": 0.041349877531438206,
          "country_germany": 0.061493663927071535,
          "president_lincoln": 0.0,
          "country_japan": 0.04933090852283431,
          "country_france": 0.05600071185784441,
          "country_australia": 0.04739838990303109,
          "country_brazil": 0.0521993667489775,
          "president_roosevelt": 0.04663655760806232
        },
        "country_japan": {
          "president_jefferson": 0.03977735247327328,
          "president_kennedy": 0.05749202971778519,
          "president_washington": 0.04742355413867226,
          "country_germany": 0.06610230819916083,
          "president_lincoln": 0.0493309085228343,
          "country_japan": 0.0,
          "country_france": 0.03999198357634866,
          "country_australia": 0.031661518000147396,
          "country_brazil": 0.032574770581119086,
          "president_roosevelt": 0.04421943902493256
        },
        "country_france": {
          "president_jefferson": 0.05659124092378297,
          "president_kennedy": 0.06062231839469312,
          "president_washington": 0.045639596822113666,
          "country_germany": 0.04712164286936679,
          "president_lincoln": 0.056000711857844394,
          "country_japan": 0.03999198357634865,
          "country_france": 0.0,
          "country_australia": 0.04431749580168423,
          "country_brazil": 0.04576704071523781,
          "president_roosevelt": 0.046132301224377864
        },
        "country_australia": {
          "president_jefferson": 0.05663295305620676,
          "president_kennedy": 0.06034776858889172,
          "president_washington": 0.05235313770926067,
          "country_germany": 0.06517778175744224,
          "president_lincoln": 0.04739838990303109,
          "country_japan": 0.03166151800014742,
          "country_france": 0.04431749580168423,
          "country_australia": 0.0,
          "country_brazil": 0.031452886426821675,
          "president_roosevelt": 0.05412181939968576
        },
        "country_brazil": {
          "president_jefferson": 0.0574032916834501,
          "president_kennedy": 0.05615441465421318,
          "president_washington": 0.05423782627612739,
          "country_germany": 0.06493312960330713,
          "president_lincoln": 0.052199366748977495,
          "country_japan": 0.032574770581119086,
          "country_france": 0.045767040715237815,
          "country_australia": 0.031452886426821675,
          "country_brazil": 0.0,
          "president_roosevelt": 0.0486028009138937
        },
        "president_roosevelt": {
          "president_jefferson": 0.04778685913806112,
          "president_kennedy": 0.035308781070329726,
          "president_washington": 0.043202404236761915,
          "country_germany": 0.050574061420032436,
          "president_lincoln": 0.04663655760806233,
          "country_japan": 0.04421943902493257,
          "country_france": 0.04613230122437788,
          "country_australia": 0.05412181939968576,
          "country_brazil": 0.04860280091389371,
          "president_roosevelt": 0.0
        }
      },
      "entropy_values": {
        "president_jefferson": 4.499239630784483,
        "president_kennedy": 4.5781138294647175,
        "president_washington": 4.513555536846765,
        "country_germany": 4.569512866770317,
        "president_lincoln": 4.521350120585332,
        "country_japan": 4.50496190679037,
        "country_france": 4.545131123183389,
        "country_australia": 4.5171138515862586,
        "country_brazil": 4.545954837153986,
        "president_roosevelt": 4.520648617788666
      },
      "categories": {
        "president_jefferson": "president",
        "president_kennedy": "president",
        "president_washington": "president",
        "country_germany": "country",
        "president_lincoln": "president",
        "country_japan": "country",
        "country_france": "country",
        "country_australia": "country",
        "country_brazil": "country",
        "president_roosevelt": "president"
      }
    }
  },
  "deflate_analysis": {
    "languages": [
      "president_jefferson",
      "president_kennedy",
      "president_washington",
      "country_germany",
      "president_lincoln",
      "country_japan",
      "country_france",
      "country_australia",
      "country_brazil",
      "president_roosevelt"
    ],
    "distance_matrix": {
      "president_jefferson": {
        "president_jefferson": 0.0,
        "president_kennedy": 0.2338005694877483,
        "president_washington": 0.028672717346376664,
        "country_germany": 0.4087526015745182,
        "president_lincoln": 0.1840181520676945,
        "country_japan": 0.513861650116453,
        "country_france": 0.35056380528865244,
        "country_australia": 0.3799176024729384,
        "country_brazil": 0.34363317545955724,
        "president_roosevelt": 0.2366339885795139
      },
      "president_kennedy": {
        "president_jefferson": 0.2338005694877483,
        "president_kennedy": 0.0,
        "president_washington": 0.2840217276610192,
        "country_germany": 0.3844905413596198,